Vendor,Invoice,Invoice Date,Service Month,Line Item,QTY, Unit Price , Total Price ,Paid
Pinnacle Business Systems,309655,5/31/25,Apr,Licensing-Microsoft Azure Plan - Arrears Charge 4/1/25-4/30/25,1,"25,202.04","25,202.04",7/21/25
Pinnacle Business Systems,309655,5/31/25,Apr,Licensing-Microsoft Teams Audio Conferencing 4/1/25-4/30/25,1,32.9,32.9,7/21/25
Pinnacle Business Systems,309655,5/31/25,Apr,Azure Consumption-SQL Server Standard Core 2022 4/1/25-4/30/25,8,155.25,"1,242.00",7/21/25
Pinnacle Business Systems,309655,5/31/25,Apr,Azure Consumption-Windows Server Standard Core 2022 4/1/25-4/30/25,2,20.92,41.84,7/21/25
Pinnacle Business Systems,309655,5/31/25,Apr,Licensing-Microsoft 365 Apps for Enterprise NCELineItemCharges 4/1/25-4/30/25,1,2.74,2.74,7/21/25
Pinnacle Business Systems,309655,5/31/25,Apr,Licensing-Microsoft 365 E5 NCELineItemCharges 4/1/25-4/30/25,1,78.18,78.18,7/21/25
Pinnacle Business Systems,309655,5/31/25,Apr,Licensing-Microsoft 365 E3 (no teams) NCELineItemCharges 4/1/25-4/30/25,2,22.84,45.68,7/21/25
Pinnacle Business Systems,309655,5/31/25,Apr,Licensing-Microsoft 365 E3 (no teams) NCELineItemCharges 4/1/25-4/30/25,1,-376.94,-376.94,7/21/25
Pinnacle Business Systems,309655,5/31/25,Apr,Licensing-Microsoft 365 E3 (no teams) NCELineItemCharges 4/1/25-4/30/25,2,11.24,22.48,7/21/25
Pinnacle Business Systems,309655,5/31/25,Apr,Licensing-Microsoft 365 E3 (no teams) NCELineItemCharges 4/1/25-4/30/25,1,1.41,1.41,7/21/25
Pinnacle Business Systems,309655,5/31/25,Apr,Licensing-Microsoft 365 E3 (no teams) NCELineItemCharges 4/1/25-4/30/25,1,34.26,34.26,7/21/25
Pinnacle Business Systems,309655,5/31/25,Apr,Licensing-Microsoft Teams Enterprise NCELineItemCharges 4/1/25-4/30/25,2,0.2,0.4,7/21/25
Pinnacle Business Systems,309655,5/31/25,Apr,Licensing-Microsoft Teams Enterprise NCELineItemCharges 4/1/25-4/30/25,1,26.38,26.38,7/21/25
Pinnacle Business Systems,309655,5/31/25,Apr,Licensing-Microsoft 365 F1 NCELineItemCharges 4/1/25-4/30/25,1,0.54,0.54,7/21/25
Pinnacle Business Systems,309655,5/31/25,Apr,Licensing-Microsoft Defender for Office 365 (Plan 1) 4/1/25-4/30/25,1,0.47,0.47,7/21/25
Pinnacle Business Systems,309655,5/31/25,Apr,Licensing-Microsoft Teams Domestic Calling Plan 4/1/25-4/30/25,1,58.8,58.8,7/21/25
Pinnacle Business Systems,309655,5/31/25,Apr,Licensing-Microsoft Teams Rooms Pro NCELineItemCharges 4/1/25-4/30/25,1,2.33,2.33,7/21/25
Pinnacle Business Systems,309655,5/31/25,Apr,Licensing-Office 365 E3 NCELineItemCharges 4/1/25-4/30/25,1,"1,919.90","1,919.90",7/21/25
Pinnacle Business Systems,309655,5/31/25,Apr,Licensing-Office 365 E3 NCELineItemCharges 4/1/25-4/30/25,1,592.48,592.48,7/21/25
Pinnacle Business Systems,309655,5/31/25,Apr,Licensing-Power BI Pro NCELineItemCharges 4/1/25-4/30/25,1,210,210,7/21/25
Pinnacle Business Systems,309655,5/31/25,Apr,Licensing-Power BI Pro NCELineItemCharges 4/1/25-4/30/25,1,1.33,1.33,7/21/25
Pinnacle Business Systems,309655,5/31/25,Apr,Azure Consumption-Power Apps Premium 4/1/25-4/30/25,1,18.28,18.28,7/21/25
Pinnacle Business Systems,309655,5/31/25,Apr,Power Apps Plan 1 4/1/25-4/30/25,1,1,1,7/21/25
Pinnacle Business Systems,309655,5/31/25,Apr,Service-Office 365 Extra File Storage 4/1/25-4/30/25,2151,-1.91,"-4,108.41",7/21/25
Pinnacle Business Systems,309655,5/31/25,Apr,Licensing-CSP-Microsoft 365 Copilot NCELineItemCharges 4/1/25-4/30/25,1,-307.73,-307.73,7/21/25
Pinnacle Business Systems,309655,5/31/25,Apr,Service-CSP-Microsoft Teams Premium NCELineItemCharges 4/1/25-4/30/25,2,-10.84,-21.68,7/21/25
Pinnacle Business Systems,309655,5/31/25,Apr,Licensing-Project Plan 3 NCELineItemCharges 4/1/25-4/30/25,1,63,63,7/21/25
Pinnacle Business Systems,309655,5/31/25,Apr,Licensing-Teams Phone with Calling Plan NCELineItemCharges 4/1/25-4/30/25,1,178.5,178.5,7/21/25
Pinnacle Business Systems,309655,5/31/25,Apr,Licensing-Visio Plan 2 NCELineItemCharges 4/1/25-4/30/25,1,119,119,7/21/25
Pinnacle Business Systems,309472,4/30/25,Mar,Licensing-Microsoft Azure Plan - Arrears Charge 3/1/25-3/31/25,1,"26,775.78","26,775.78",6/27/25
Pinnacle Business Systems,309472,4/30/25,Mar,Azure Consumption-SQL Server Standard Core 2022 3/1/25-3/31/25,8,155.25,"1,242.00",6/27/25
Pinnacle Business Systems,309472,4/30/25,Mar,Azure Consumption-Windows Server Standard Core 2022 3/1/25-3/31/25,2,20.92,41.84,6/27/25
Pinnacle Business Systems,309472,4/30/25,Mar,Licensing-Microsoft 365 Apps for Enterprise NCELineItemCharges 3/1/25-3/31/25,1,11.75,11.75,6/27/25
Pinnacle Business Systems,309472,4/30/25,Mar,Licensing-Microsoft 65 E5 NCELineItemCharges 3/1/25-3/31/25,6,55.86,335.16,6/27/25
Pinnacle Business Systems,309472,4/30/25,Mar,Licensing-Microsoft 365 E3 (no teams) NCELineItemCharges 3/1/25-3/31/25,1,26.65,26.65,6/27/25
Pinnacle Business Systems,309472,4/30/25,Mar,Licensing-Microsoft 365 E3 (no teams) NCELineItemCharges 3/1/25-3/31/25,1,2.81,2.81,6/27/25
Pinnacle Business Systems,309472,4/30/25,Mar,Licensing-Microsoft 365 E3 (no teams) NCELineItemCharges 3/1/25-3/31/25,2,22.48,44.96,6/27/25
Pinnacle Business Systems,309472,4/30/25,Mar,Licensing-Microsoft 365 E3 (no teams) NCELineItemCharges 3/1/25-3/31/25,2,11.24,22.48,6/27/25
Pinnacle Business Systems,309472,4/30/25,Mar,Licensing-Microsoft 365 E3 (no teams) NCELineItemCharges 3/1/25-3/31/25,21,39.34,826.14,6/27/25
Pinnacle Business Systems,309472,4/30/25,Mar,Licensing-Microsoft 365 E3 (no teams) NCELineItemCharges 3/1/25-3/31/25,1,1.41,1.41,6/27/25
Pinnacle Business Systems,309472,4/30/25,Mar,Licensing-Microsoft 365 E3 (no teams) NCELineItemCharges 3/1/25-3/31/25,1,34.26,34.26,6/27/25
Pinnacle Business Systems,309472,4/30/25,Mar,Licensing-Microsoft Teams Enterprise NCELineItemCharges 3/1/25-3/31/25,13,6.16,80.08,6/27/25
Pinnacle Business Systems,309472,4/30/25,Mar,Licensing-Microsoft Teams Enterprise NCELineItemCharges 3/1/25-3/31/25,1,35.16,35.16,6/27/25
Pinnacle Business Systems,309472,4/30/25,Mar,Licensing-Microsoft 365 F1 NCELineItemCharges 3/1/25-3/31/25,1,2.3,2.3,6/27/25
Pinnacle Business Systems,309472,4/30/25,Mar,Licensing-Microsoft Defender for Office 365 (Plan 1) 3/1/25-3/31/25,1,2,2,6/27/25
Pinnacle Business Systems,309472,4/30/25,Mar,Licensing-Microsoft Teams Domestic Calling Plan 3/1/25-3/31/25,21,12,252,6/27/25
Pinnacle Business Systems,309472,4/30/25,Mar,Licensing-Microsoft Teams Phone Standard NCELineItemCharges 3/1/25-3/31/25,7,8,56,6/27/25
Pinnacle Business Systems,309472,4/30/25,Mar,Licensing-Microsoft Teams Phone Standard NCELineItemCharges 3/1/25-3/31/25,1,4.65,4.65,6/27/25
Pinnacle Business Systems,309472,4/30/25,Mar,Licensing-Microsoft Teams Rooms Pro NCELineItemCharges 3/1/25-3/31/25,1,40,40,6/27/25
Pinnacle Business Systems,309472,4/30/25,Mar,Licensing-Office 365 E3 NCELineItemCharges 3/1/25-3/31/25,365,22.54,"8,227.10",6/27/25
Pinnacle Business Systems,309472,4/30/25,Mar,Licensing-Office 365 E3 NCELineItemCharges 3/1/25-3/31/25,92,27.6,"2,539.20",6/27/25
Pinnacle Business Systems,309472,4/30/25,Mar,Licensing-Power BI Pro NCELineItemCharges 3/1/25-3/31/25,75,12,900,6/27/25
Pinnacle Business Systems,309472,4/30/25,Mar,Licensing-Power BI Pro NCELineItemCharges 3/1/25-3/31/25,25,10,250,6/27/25
Pinnacle Business Systems,309472,4/30/25,Mar,Licensing-Power BI Pro NCELineItemCharges 3/1/25-3/31/25,1,20,20,6/27/25
Pinnacle Business Systems,309472,4/30/25,Mar,Azure Consumption-Power Apps Premium 3/1/25-3/31/25,4,19.56,78.4,6/27/25
Pinnacle Business Systems,309472,4/30/25,Mar,Service-CSP-Microsoft Teams Premium Introductory Pricing NCELineItemCharges 3/1/25-3/31/25,2,8.4,16.8,6/27/25
Pinnacle Business Systems,309472,4/30/25,Mar,Power Apps Plan 1 3/1/25-3/31/25,1,6,6,6/27/25
Pinnacle Business Systems,309472,4/30/25,Mar,Licensing-Project Plan 3 NCELineItemCharges 3/1/25-3/31/25,9,30,270,6/27/25
Pinnacle Business Systems,309472,4/30/25,Mar,Licensing-Teams Phone with Calling Plan NCELineItemCharges 3/1/25-3/31/25,51,15,765,6/27/25
Pinnacle Business Systems,309472,4/30/25,Mar,Licensing-Visio Plan 2 NCELineItemCharges 3/1/25-3/31/25,34,15,510,6/27/25
Pinnacle Business Systems,309060,2/27/25,Jan,Licensing-Microsoft Azure Plan - Arrears Charge 1/1/25-1/31/25,1,"27,088.21","27,088.21",4/11/25
Pinnacle Business Systems,309060,2/27/25,Jan,Azure Consumption-SQL Server Standard Core 2022 1/1/25-1/31/25,8,160.93,"1,287.44",4/11/25
Pinnacle Business Systems,309060,2/27/25,Jan,Azure Consumption-Windows Server Standard Core 2022 1/1/25-1/31/25,2,21.68,43.36,4/11/25
Pinnacle Business Systems,309060,2/27/25,Jan,Licensing-Microsoft 365 Apps for Enterprise NCELineItemCharges 1/1/25-1/31/25,1,11.75,11.75,4/11/25
Pinnacle Business Systems,309060,2/27/25,Jan,Licensing-Microsoft 365 E5 NCELineItemCharges 1/1/25-1/31/25,6,55.86,335.16,4/11/25
Pinnacle Business Systems,309060,2/27/25,Jan,Licensing-Microsoft 365 E3 (no teams) NCELineItemCharges 1/1/25-1/31/25,5,39.34,196.7,4/11/25
Pinnacle Business Systems,309060,2/27/25,Jan,Licensing-Microsoft 365 E3 (no teams) NCELineItemCharges 1/1/25-1/31/25,1,36.8,36.8,4/11/25
Pinnacle Business Systems,309060,2/27/25,Jan,Licensing-Microsoft 365 E3 (no teams) NCELineItemCharges 1/1/25-1/31/25,1,29.19,29.19,4/11/25
Pinnacle Business Systems,309060,2/27/25,Jan,Licensing-Microsoft 365 E3 (no teams) NCELineItemCharges 1/1/25-1/31/25,1,5.08,5.08,4/11/25
Pinnacle Business Systems,309060,2/27/25,Jan,Licensing-Microsoft Teams Enterprise NCELineItemCharges 1/1/25-1/31/25,4,6.16,24.64,4/11/25
Pinnacle Business Systems,309060,2/27/25,Jan,Licensing-Microsoft Teams Enterprise NCELineItemCharges 1/1/25-1/31/25,1,7.15,7.15,4/11/25
Pinnacle Business Systems,309060,2/27/25,Jan,Licensing-Microsoft 365 F1 NCELineItemCharges 1/1/25-1/31/25,1,2.3,2.3,4/11/25
Pinnacle Business Systems,309060,2/27/25,Jan,Licensing-Microsoft Defender for Office 365 (Plan 1) 1/1/25-1/31/25,1,2,2,4/11/25
Pinnacle Business Systems,309060,2/27/25,Jan,Licensing-Microsoft Teams Domestic Calling Plan 1/1/25-1/31/25,21,12,252,4/11/25
Pinnacle Business Systems,309060,2/27/25,Jan,Licensing-Microsoft Teams Phone Standard NCELineItemCharges 1/1/25-1/31/25,7,8,56,4/11/25
Pinnacle Business Systems,309060,2/27/25,Jan,Licensing-Microsoft Teams Rooms Pro NCELineItemCharges 1/1/25-1/31/25,1,40,40,4/11/25
Pinnacle Business Systems,309060,2/27/25,Jan,Licensing-Office 365 E3 NCELineItemCharges 1/1/25-1/31/25,365,22.54,"8,227.10",4/11/25
Pinnacle Business Systems,309060,2/27/25,Jan,Licensing-Office 365 E3 NCELineItemCharges 1/1/25-1/31/25,92,27.6,"2,539.20",4/11/25
Pinnacle Business Systems,309060,2/27/25,Jan,Licensing-Power BI Pro NCELineItemCharges 1/1/25-1/31/25,75,12,900,4/11/25
Pinnacle Business Systems,309060,2/27/25,Jan,Licensing-Power BI Pro NCELineItemCharges 1/1/25-1/31/25,25,10,250,4/11/25
Pinnacle Business Systems,309060,2/27/25,Jan,Licensing-Power BI Pro NCELineItemCharges 1/1/25-1/31/25,1,20,20,4/11/25
Pinnacle Business Systems,309060,2/27/25,Jan,Azure Consumption-Power Apps Premium 1/1/25-1/31/25,4,19.6,78.4,4/11/25
Pinnacle Business Systems,309060,2/27/25,Jan,Service-CSP-Microsoft Teams Premium Introductory Pricing NCELineItemCharges 1/1/25-1/31/25,2,8.4,16.8,4/11/25
Pinnacle Business Systems,309060,2/27/25,Jan,Power Apps Plan 1 1/1/25-1/31/25,1,6,6,4/11/25
Pinnacle Business Systems,309060,2/27/25,Jan,Licensing-Project Plan 3 NCELineItemCharges 1/1/25-1/31/25,9,30,270,4/11/25
Pinnacle Business Systems,309060,2/27/25,Jan,Licensing-Teams Phone with Calling Plan NCELineItemCharges 1/1/25-1/31/25,49,15,735,4/11/25
Pinnacle Business Systems,309060,2/27/25,Jan,Licensing-Teams Phone with Calling Plan NCELineItemCharges 1/1/25-1/31/25,2,9.19,18.38,4/11/25
Pinnacle Business Systems,309060,2/27/25,Jan,Licensing-Visio Plan 2 NCELineItemCharges 1/1/25-1/31/25,33,15,495,4/11/25
Pinnacle Business Systems,309153,3/19/25,Feb,Licensing-Microsoft Azure Plan - Arrears Charge 2/1/25-2/28/25,1,"25,899.78","25,899.78",4/25/25
Pinnacle Business Systems,309153,3/19/25,Feb,Azure Consumption-SQL Server Standard Core 2022 2/1/25-2/28/25,8,155.25,"1,242.00",4/25/25
Pinnacle Business Systems,309153,3/19/25,Feb,Azure Consumption-Windows Server Standard Core 2022 2/1/25-2/28/25,2,20.92,41.84,4/25/25
Pinnacle Business Systems,309153,3/19/25,Feb,Licensing-Microsoft 365 Apps for Enterprise NCELineItemCharges 2/1/25-2/28/25,1,11.75,11.75,4/25/25
Pinnacle Business Systems,309153,3/19/25,Feb,Licensing-Microsoft 365 E5 NCELineItemCharges 2/1/25-2/28/25,6,55.86,335.16,4/25/25
Pinnacle Business Systems,309153,3/19/25,Feb,Licensing-CSP-Microsoft 365 Copilot NCELineItemCharges 2/14/25-2/13/26,1,360,360,4/25/25
Pinnacle Business Systems,309153,3/19/25,Feb,Licensing-Microsoft 365 E3 (no teams) NCELineItemCharges 2/1/25-2/28/25,1,8.88,8.88,4/25/25
Pinnacle Business Systems,309153,3/19/25,Feb,Licensing-Microsoft 365 E3 (no teams) NCELineItemCharges 2/1/25-2/28/25,1,2.54,2.54,4/25/25
Pinnacle Business Systems,309153,3/19/25,Feb,Licensing-Microsoft 365 E3 (no teams) NCELineItemCharges 2/1/25-2/28/25,2,11.42,22.84,4/25/25
Pinnacle Business Systems,309153,3/19/25,Feb,Licensing-Microsoft 365 E3 (no teams) NCELineItemCharges 2/1/25-2/28/25,13,39.34,511.42,4/25/25
Pinnacle Business Systems,309153,3/19/25,Feb,Licensing-Microsoft 365 E3 (no teams) NCELineItemCharges 2/1/25-2/28/25,2,20.3,40.6,4/25/25
Pinnacle Business Systems,309153,3/19/25,Feb,Licensing-Microsoft Teams Enterprise NCELineItemCharges 2/1/25-2/28/25,7,6.16,43.12,4/25/25
Pinnacle Business Systems,309153,3/19/25,Feb,Licensing-Microsoft Teams Enterprise NCELineItemCharges 2/1/25-2/28/25,2,5.94,11.88,4/25/25
Pinnacle Business Systems,309153,3/19/25,Feb,Licensing-Microsoft Teams Enterprise NCELineItemCharges 2/1/25-2/28/25,2,4.4,8.8,4/25/25
Pinnacle Business Systems,309153,3/19/25,Feb,Licensing-Microsoft Teams Enterprise NCELineItemCharges 2/1/25-2/28/25,1,3.96,3.96,4/25/25
Pinnacle Business Systems,309153,3/19/25,Feb,Licensing-Microsoft Teams Enterprise NCELineItemCharges 2/1/25-2/28/25,1,2.86,2.86,4/25/25
Pinnacle Business Systems,309153,3/19/25,Feb,Licensing-Microsoft 365 F1 NCELineItemCharges 2/1/25-2/28/25,1,2.3,2.3,4/25/25
Pinnacle Business Systems,309153,3/19/25,Feb,Licensing-Microsoft Defender for Office 365 (Plan 1) 2/1/25-2/28/25,1,2,2,4/25/25
Pinnacle Business Systems,309153,3/19/25,Feb,Licensing-Microsoft Teams Domestic Calling Plan 2/1/25-2/28/25,21,12,252,4/25/25
Pinnacle Business Systems,309153,3/19/25,Feb,Licensing-Microsoft Teams Phone Standard NCELineItemCharges 2/1/25-2/28/25,7,8,56,4/25/25
Pinnacle Business Systems,309153,3/19/25,Feb,Licensing-Microsoft Teams Rooms Pro NCELineItemCharges 2/1/25-2/28/25,1,40,40,4/25/25
Pinnacle Business Systems,309153,3/19/25,Feb,Licensing-Office 365 E3 NCELineItemCharges 2/1/25-2/28/25,365,22.54,"8,227.10",4/25/25
Pinnacle Business Systems,309153,3/19/25,Feb,Licensing-Office 365 E3 NCELineItemCharges 2/1/25-2/28/25,92,27.6,"2,539.20",4/25/25
Pinnacle Business Systems,309153,3/19/25,Feb,Service-Office 365 Extra File Storage NCELineItemCharges 2/1/25-2/28/25,2151,2.28,"4,904.28",4/25/25
Pinnacle Business Systems,309153,3/19/25,Feb,Licensing-Power BI Pro NCELineItemCharges 2/1/25-2/28/25,75,12,900,4/25/25
Pinnacle Business Systems,309153,3/19/25,Feb,Licensing-Power BI Pro NCELineItemCharges 2/1/25-2/28/25,25,10,250,4/25/25
Pinnacle Business Systems,309153,3/19/25,Feb,Licensing-Power BI Pro NCELineItemCharges 2/1/25-2/28/25,1,20,20,4/25/25
Pinnacle Business Systems,309153,3/19/25,Feb,Azure Consumption-Power Apps Premium 2/1/25-2/28/25,4,19.6,78.4,4/25/25
Pinnacle Business Systems,309153,3/19/25,Feb,Service-CSP-Microsoft Teams Premium Introductory Pricing NCELineItemCharges 2/1/25-2/28/25,2,8.4,16.8,4/25/25
Pinnacle Business Systems,309153,3/19/25,Feb,Power Apps Plan 1 2/1/25-2/28/25,1,6,6,4/25/25
Pinnacle Business Systems,309153,3/19/25,Feb,Licensing-Project Plan 3 NCELineItemCharges 2/1/25-2/28/25,9,30,270,4/25/25
Pinnacle Business Systems,309153,3/19/25,Feb,Licensing-Teams Phone with Calling Plan NCELineItemCharges 2/1/25-2/28/25,51,15,765,4/25/25
Pinnacle Business Systems,309153,3/19/25,Feb,Licensing-Visio Plan 2 NCELineItemCharges 2/1/25-2/28/25,33,15,495,4/25/25
Pinnacle Business Systems,309153,3/19/25,Feb,Licensing-Visio Plan 2 NCELineItemCharges 2/1/25-2/28/25,1,1.61,1.61,4/25/25
Pinnacle Business Systems,310169,8/27/25,Jul,Licensing-Microsoft Azure Plan - Arrears Charge 7/1/25-7/31/25,1,"25,954.53","25,594.53",Voided
Pinnacle Business Systems,310169,8/27/25,Jul,Azure Consumption-SQL Server Standard Core 2022 7/1/25-7/31/25,8,155.25,"1,242.00",Voided
Pinnacle Business Systems,310169,8/27/25,Jul,Azure Consumption-Windows Server Standard Core 2022 7/1/25-7/31/25,2,20.92,41.84,Voided
Pinnacle Business Systems,310721,11/25/25,Oct,Azure Consumption-Azure plan Usage 10/1/25-10/31/25,1,"30,103.38","30,103.38",Voided
Pinnacle Business Systems,310721,11/25/25,Nov,Azure Consumption-SQL Server Standard Core 2022 10/28/25-11/27/25,8,155.25,"1,242.00",Voided
Pinnacle Business Systems,310721,11/25/25,Nov,Azure Consumption-Windows Server Standard Core 2022 10/28/25-11/27/25,2,20.92,41.84,Voided
Pinnacle Business Systems,310670,11/19/25,Oct,Licensing-Microsoft Azure Plan - Arrears Charge 10/1/25-10/31/25,1,"25,539.56","25,539.56",Voided
Pinnacle Business Systems,310670,11/19/25,Sept,Azure Consumption-Azure plan Usage 9/1/25-9/30/25,1,"28,962.33","28,962.33",Voided
Pinnacle Business Systems,310670,11/19/25,Aug,Azure Consumption-Azure plan Usage 8/1/25-8/31/25,1,"28,365.35","28,365.35",Voided
Pinnacle Business Systems,310670,11/19/25,Aug,Azure Consumption-SQL Server Standard Core 2022 7/28/25-8/27/25,8,155.25,"1,242.00",Voided
Pinnacle Business Systems,310670,11/19/25,Oct,Azure Consumption-SQL Server Standard Core 2022 9/28/25-10/27/25,8,155.25,"1,242.00",Voided
Pinnacle Business Systems,310670,11/19/25,Sept,Azure Consumption-SQL Server Standard Core 2022 8/28/25-9/27/25,8,155.25,"1,242.00",Voided
Pinnacle Business Systems,310670,11/19/25,Aug,Azure Consumption-Windows Server Standard Core 2022 7/28/25-8/27/25,2,29.92,59.84,Voided
Pinnacle Business Systems,310670,11/19/25,Oct,Azure Consumption-Windows Server Standard Core 2022 9/28/25-10/27/25,2,20.92,41.84,Voided
Pinnacle Business Systems,310670,11/19/25,Sept,Azure Consumption-Windows Server Standard Core 2022 8/28/25-9/27/25,2,20.92,41.84,Voided
Venti Exchange,20250910,9/10/25,Sept,Microsoft Support Hours 9/1/25-9/30/25,1,"2,500.00","2,500.00",10/10/25
Venti Exchange,20250910,9/10/25,Aug,Licensing-Microsoft 365 Apps for Enterprise NCELineItemCharges 8/1/25-8/31/25,1,12.6,12.6,10/10/25
Venti Exchange,20250910,9/10/25,Aug,Licensing-Microsoft 365 E3 (no teams) NCELineItemCharges 8/1/25-8/31/25,33,40.56,"1,338.48",10/10/25
Venti Exchange,20250910,9/10/25,Aug,Licensing-Microsoft 365 E3 (no teams) NCELineItemCharges 8/6/25-8/31/25,35,34.02,"1,190.70",10/10/25
Venti Exchange,20250910,9/10/25,Aug,Licensing-Microsoft 365 E3 (no teams) NCELineItemCharges 8/6/25-8/31/25,33,34.02,"-1,122.66",10/10/25
Venti Exchange,20250910,9/10/25,Aug,Licensing-Microsoft 365 E3 (no teams) NCELineItemCharges 8/7/25-8/31/25,36,32.71,"1,177.56",10/10/25
Venti Exchange,20250910,9/10/25,Aug,Licensing-Microsoft 365 E3 (no teams) NCELineItemCharges 8/7/25-8/31/25,35,32.71,"-1,144.85",10/10/25
Venti Exchange,20250910,9/10/25,Aug,Licensing-Microsoft 365 E5 NCELineItemCharges 8/1/25-8/31/25,6,57,342,10/10/25
Venti Exchange,20250910,9/10/25,Aug,Licensing-Microsoft 365 F1 NCELineItemCharges 8/1/25-8/31/25,1,2.42,2.42,10/10/25
Venti Exchange,20250910,9/10/25,Aug,Licensing-Microsoft Defender for Office 365 (Plan 1) 8/1/25-8/31/25,1,2.1,2.1,10/10/25
Venti Exchange,20250910,9/10/25,Aug,Licensing-Microsoft Teams Audio Conferencing 8/1/25-8/31/25,18,                  -  ,                  -  ,10/10/25
Venti Exchange,20250910,9/10/25,Aug,Licensing-Microsoft Teams Domestic Calling Plan 8/1/25-8/31/25,21,12.6,264.6,10/10/25
Venti Exchange,20250910,9/10/25,Aug,Licensing-Microsoft Teams Enterprise NCELineItemCharges 8/1/25-8/31/25,33,6.36,209.88,10/10/25
Venti Exchange,20250910,9/10/25,Aug,Licensing-Microsoft Teams Enterprise NCELineItemCharges 8/6/25-8/31/25,35,5.33,186.55,10/10/25
Venti Exchange,20250910,9/10/25,Aug,Licensing-Microsoft Teams Enterprise NCELineItemCharges 8/6/25-8/31/25,33,5.33,-175.89,10/10/25
Venti Exchange,20250910,9/10/25,Aug,Licensing-Microsoft Teams Enterprise NCELineItemCharges 8/7/25-8/31/25,36,5.13,184.68,10/10/25
Venti Exchange,20250910,9/10/25,Aug,Licensing-Microsoft Teams Enterprise NCELineItemCharges 8/7/25-8/31/25,35,5.13,-179.55,10/10/25
Venti Exchange,20250910,9/10/25,Aug,Licensing-Microsoft Teams Phone Resource Account NCELineItemCharges 8/1/25-8/31/25,8,                  -  ,                  -  ,10/10/25
Venti Exchange,20250910,9/10/25,Aug,Licensing-Microsoft Teams Phone Standard NCELineItemCharges 8/1/25-8/31/25,8,10.5,84,10/10/25
Venti Exchange,20250910,9/10/25,Aug,Service-CSP-Microsoft Teams Premium NCELineItemCharges 8/1/25-8/31/25,2,12,24,10/10/25
Venti Exchange,20250910,9/10/25,Aug,Licensing-Microsoft Teams Rooms Pro NCELineItemCharges 8/1/25-8/31/25,1,42,42,10/10/25
Venti Exchange,20250910,9/10/25,Aug,Licensing-Office 365 E3 NCELineItemCharges 8/1/25-8/31/25,365,23,"8,395.00",10/10/25
Venti Exchange,20250910,9/10/25,Aug,Licensing-Office 365 E3 NCELineItemCharges 8/1/25-8/31/25,92,27.6,"2,539.20",10/10/25
Venti Exchange,20250910,9/10/25,Aug,Licensing-Project Plan 3 NCELineItemCharges 8/1/25-8/31/25,9,31.5,283.5,10/10/25
Venti Exchange,20250910,9/10/25,Aug,Power Apps per app plan (1 app or website) 8/1/25-8/31/25,1,6,6,10/10/25
Venti Exchange,20250910,9/10/25,Aug,Azure Consumption-Power Apps Premium 8/1/25-8/31/25,5,21,105,10/10/25
Venti Exchange,20250910,9/10/25,Aug,Licensing-Power BI Premium Per User NCELineItemCharges 8/1/25-8/31/25,1,25.2,25.2,10/10/25
Venti Exchange,20250910,9/10/25,Aug,Licensing-Power BI Pro NCELineItemCharges 8/1/25-8/31/25,25,14.7,367.5,10/10/25
Venti Exchange,20250910,9/10/25,Aug,Licensing-Power BI Pro NCELineItemCharges 8/1/25-8/31/25,75,16.8,"1,260.00",10/10/25
Venti Exchange,20250910,9/10/25,Aug,Licensing-Teams Phone with Calling Plan NCELineItemCharges 8/1/25-8/31/25,51,17.85,910.35,10/10/25
Venti Exchange,20250910,9/10/25,Aug,Licensing-Visio Plan 2 NCELineItemCharges 8/1/25-8/31/25,35,15.75,551.25,10/10/25
Venti Exchange,20251010,10/10/25,Oct,Microsoft Support Hours 10/1/25-10/31/25,1,"2,500.00","2,500.00",10/31/25
Venti Exchange,20251010,10/10/25,Sept,TV-157-Domain Controller in Azure-Project Deposit 9/15/25-10/15/25,1,"2,250.00","2,250.00",10/31/25
Venti Exchange,20251010,10/10/25,Sept,Licensing-Microsoft 365 Apps for Enterprise NCELineItemCharges 9/1/25-9/30/25,1,12.6,12.6,10/31/25
Venti Exchange,20251010,10/10/25,Sept,Licensing-Microsoft 365 E3 (no teams) NCELineItemCharges 9/1/25-9/30/25,36,40.56,"1,460.16",10/31/25
Venti Exchange,20251010,10/10/25,Sept,Licensing-Microsoft 365 E3 NCELineItemCharges 9/18/25-9/30/25,92,18.72,"1,722.24",10/31/25
Venti Exchange,20251010,10/10/25,Sept,Licensing-Microsoft 365 E5 NCELineItemCharges 9/1/25-9/30/25,6,57,342,10/31/25
Venti Exchange,20251010,10/10/25,Sept,Licensing-Microsoft 365 E5 NCELineItemCharges 9/23/25-9/30/25,11,15.2,167.2,10/31/25
Venti Exchange,20251010,10/10/25,Sept,Licensing-Microsoft 365 E5 NCELineItemCharges 9/23/25-9/30/25,6,15.2,-91.2,10/31/25
Venti Exchange,20251010,10/10/25,Sept,Licensing-Microsoft 365 E5 NCELineItemCharges 9/23/25-9/30/25,14,15.2,212.8,10/31/25
Venti Exchange,20251010,10/10/25,Sept,Licensing-Microsoft 365 E5 NCELineItemCharges 9/23/25-9/30/25,11,15.2,-167.2,10/31/25
Venti Exchange,20251010,10/10/25,Sept,Licensing-Microsoft 365 F1 NCELineItemCharges 9/1/25-9/30/25,1,2.42,2.42,10/31/25
Venti Exchange,20251010,10/10/25,Sept,Licensing-Microsoft Defender for Office 365 (Plan 1) 9/1/25-9/30/25,1,2.1,2.1,10/31/25
Venti Exchange,20251010,10/10/25,Sept,Licensing-Microsoft Teams Audio Conferencing 9/1/25-9/30/25,18,                  -  ,                  -  ,10/31/25
Venti Exchange,20251010,10/10/25,Sept,Licensing-Microsoft Teams Domestic Calling Plan 9/1/25-9/30/25,21,12.6,264.6,10/31/25
Venti Exchange,20251010,10/10/25,Sept,Licensing-Microsoft Teams Enterprise NCELineItemCharges 9/1/25-9/30/25,36,6.36,228.96,10/31/25
Venti Exchange,20251010,10/10/25,Sept,Licensing-Microsoft Teams Phone Resource Account NCELineItemCharges 9/1/25-9/30/25,8,                  -  ,                  -  ,10/31/25
Venti Exchange,20251010,10/10/25,Sept,Licensing-Microsoft Teams Phone Standard NCELineItemCharges 9/2/25-9/30/25,8,10.5,84,10/31/25
Venti Exchange,20251010,10/10/25,Sept,Service-CSP-Microsoft Teams Premium NCELineItemCharges 9/1/25-9/30/25,2,12,24,10/31/25
Venti Exchange,20251010,10/10/25,Sept,Licensing-Microsoft Teams Rooms Pro NCELineItemCharges 9/1/25-9/30/25,1,42,42,10/31/25
Venti Exchange,20251010,10/10/25,Sept,Licensing-Microsoft Teams Rooms Pro NCELineItemCharges 9/11/25-9/30/25,2,28,56,10/31/25
Venti Exchange,20251010,10/10/25,Sept,Licensing-Microsoft Teams Rooms Pro NCELineItemCharges 9/11/25-9/30/25,1,28,-28,10/31/25
Venti Exchange,20251010,10/10/25,Sept,Licensing-Office 365 E3 NCELineItemCharges 9/1/25-9/30/25,365,23,"8,395.00",10/31/25
Venti Exchange,20251010,10/10/25,Sept,Licensing-Office 365 E3 NCELineItemCharges 9/2/25-9/30/25,92,26.68,"2,454.56",10/31/25
Venti Exchange,20251010,10/10/25,Sept,Licensing-Office 365 E3 NCELineItemCharges 9/18/25-9/30/25,92,11.96,"-1,100.32",10/31/25
Venti Exchange,20251010,10/10/25,Sept,Licensing-Project Plan 3 NCELineItemCharges 9/1/25-9/30/25,9,31.5,283.5,10/31/25
Venti Exchange,20251010,10/10/25,Sept,Power Apps per app plan (1 app or website) 9/1/25-9/30/25,1,6,6,10/31/25
Venti Exchange,20251010,10/10/25,Sept,Azure Consumption-Power Apps Premium 9/1/25-9/30/25,5,21,105,10/31/25
Venti Exchange,20251010,10/10/25,Sept,Licensing-Power BI Premium Per User NCELineItemCharges 9/1/25-9/30/25,1,20.32,20.32,10/31/25
Venti Exchange,20251010,10/10/25,Sept,Licensing-Power BI Pro NCELineItemCharges 9/1/25-9/30/25,25,14.7,367.5,10/31/25
Venti Exchange,20251010,10/10/25,Sept,Licensing-Power BI Pro NCELineItemCharges 9/1/25-9/30/25,75,16.8,"1,260.00",10/31/25
Venti Exchange,20251010,10/10/25,Sept,Licensing-Teams Phone with Calling Plan NCELineItemCharges 9/1/25-9/30/25,51,17.85,910.35,10/31/25
Venti Exchange,20251010,10/10/25,Sept,Licensing-Visio Plan 2 NCELineItemCharges 9/1/25-9/30/25,35,15.75,551.25,10/31/25
Venti Exchange,20250810,8/10/25,Aug,Microsoft Support Hours 8/1/25-8/31/25,1,"2,500.00","2,500.00",8/18/25
Venti Exchange,20250810,8/10/25,Jul,Licensing-Microsoft 365 Apps for Enterprise NCELineItemCharges 7/1/25-7/31/25,1,12.6,12.6,8/18/25
Venti Exchange,20250810,8/10/25,Jul,Licensing-Microsoft 365 E3 (no teams) NCELineItemCharges 7/1/25-7/31/25,30,40.56,"1,216.80",8/18/25
Venti Exchange,20250810,8/10/25,Jul,Licensing-Microsoft 365 E3 (no teams) NCELineItemCharges 7/18/25-7/31/25,32,18.32,586.24,8/18/25
Venti Exchange,20250810,8/10/25,Jul,Licensing-Microsoft 365 E3 (no teams) NCELineItemCharges 7/18/25-7/31/25,30,18.32,-549.6,8/18/25
Venti Exchange,20250810,8/10/25,Jul,Licensing-Microsoft 365 E3 (no teams) NCELineItemCharges 7/28/25-7/31/25,33,5.23,172.59,8/18/25
Venti Exchange,20250810,8/10/25,Jul,Licensing-Microsoft 365 E3 (no teams) NCELineItemCharges 7/28/25-7/31/25,32,5.23,-167.36,8/18/25
Venti Exchange,20250810,8/10/25,Jul,Licensing-Microsoft 365 E5 NCELineItemCharges 7/1/25-7/31/25,6,57,342,8/18/25
Venti Exchange,20250810,8/10/25,Jul,Licensing-Microsoft 365 F1 NCELineItemCharges 7/1/25-7/31/25,1,2.42,2.42,8/18/25
Venti Exchange,20250810,8/10/25,Jul,Licensing-Microsoft Defender for Office 365 (Plan 1) 7/1/25-7/31/25,1,2.1,2.1,8/18/25
Venti Exchange,20250810,8/10/25,Jul,Licensing-Microsoft Teams Audio Conferencing 7/1/25-7/31/25,18,                  -  ,                  -  ,8/18/25
Venti Exchange,20250810,8/10/25,Jul,Licensing-Microsoft Teams Domestic Calling Plan 7/1/25-7/31/25,21,12.6,264.6,8/18/25
Venti Exchange,20250810,8/10/25,Jul,Licensing-Microsoft Teams Enterprise NCELineItemCharges 7/1/25-7/31/25,30,6.36,190.8,8/18/25
Venti Exchange,20250810,8/10/25,Jul,Licensing-Microsoft Teams Enterprise NCELineItemCharges 7/18/25-7/31/25,31,2.87,88.97,8/18/25
Venti Exchange,20250810,8/10/25,Jul,Licensing-Microsoft Teams Enterprise NCELineItemCharges 7/18/25-7/31/25,30,2.87,-86.1,8/18/25
Venti Exchange,20250810,8/10/25,Jul,Licensing-Microsoft Teams Enterprise NCELineItemCharges 7/18/25-7/31/25,32,2.87,91.84,8/18/25
Venti Exchange,20250810,8/10/25,Jul,Licensing-Microsoft Teams Enterprise NCELineItemCharges 7/18/25-7/31/25,31,2.87,-88.97,8/18/25
Venti Exchange,20250810,8/10/25,Jul,Licensing-Microsoft Teams Enterprise NCELineItemCharges 7/28/25-7/31/25,33,0.82,27.06,8/18/25
Venti Exchange,20250810,8/10/25,Jul,Licensing-Microsoft Teams Enterprise NCELineItemCharges 7/28/25-7/31/25,32,0.82,-26.24,8/18/25
Venti Exchange,20250810,8/10/25,Jul,Licensing-Microsoft Teams Phone Resource Account NCELineItemCharges 7/1/25-7/31/25,8,                  -  ,                  -  ,8/18/25
Venti Exchange,20250810,8/10/25,Jul,Licensing-Microsoft Teams Phone Standard NCELineItemCharges 7/1/25-7/31/25,8,10.5,84,8/18/25
Venti Exchange,20250810,8/10/25,Jul,Service-CSP-Microsoft Teams Premium NCELineItemCharges 7/1/25-7/31/25,2,12,24,8/18/25
Venti Exchange,20250810,8/10/25,Jul,Licensing-Microsoft Teams Rooms Pro NCELineItemCharges 7/1/25-7/31/25,1,42,42,8/18/25
Venti Exchange,20250810,8/10/25,Jul,Licensing-Office 365 E3 NCELineItemCharges 7/1/25-7/31/25,365,23,"8,395.00",8/18/25
Venti Exchange,20250810,8/10/25,Jul,Licensing-Office 365 E3 NCELineItemCharges 7/1/25-7/31/25,92,27.6,"2,539.20",8/18/25
Venti Exchange,20250810,8/10/25,Jul,Licensing-Project Plan 3 NCELineItemCharges 7/1/25-7/31/25,9,31.5,283.5,8/18/25
Venti Exchange,20250810,8/10/25,Jul,Power Apps per app plan (1 app or website) 7/1/25-7/31/25,1,6,6,8/18/25
Venti Exchange,20250810,8/10/25,Jul,Azure Consumption-Power Apps Premium 7/1/25-7/31/25,5,21,105,8/18/25
Venti Exchange,20250810,8/10/25,Jul,Licensing-Power BI Premium Per User NCELineItemCharges 7/1/25-7/31/25,1,25.2,25.2,8/18/25
Venti Exchange,20250810,8/10/25,Jul,Licensing-Power BI Pro NCELineItemCharges 7/1/25-7/31/25,25,14.7,367.5,8/18/25
Venti Exchange,20250810,8/10/25,Jul,Licensing-Power BI Pro NCELineItemCharges 7/1/25-7/31/25,75,16.8,"1,260.00",8/18/25
Venti Exchange,20250810,8/10/25,Jul,Licensing-Teams Phone with Calling Plan NCELineItemCharges 7/1/25-7/31/25,51,17.85,910.35,8/18/25
Venti Exchange,20250810,8/10/25,Jul,Licensing-Visio Plan 2 NCELineItemCharges 7/1/25-7/31/25,35,15.75,551.25,8/18/25
Venti Exchange,20250710,7/10/25,Jun,Licensing-Microsoft 365 Apps for Enterprise NCELineItemCharges 6/1/25-6/30/25,1,12.6,12.6,7/17/25
Venti Exchange,20250710,7/10/25,Jun,Licensing-Microsoft 365 E3 (no teams) NCELineItemCharges 6/1/25-6/30/25,28,40.56,"1,135.68",7/17/25
Venti Exchange,20250710,7/10/25,Jun,Licensing-Microsoft 365 E3 (no teams) NCELineItemCharges 6/1/25-6/30/25,29,20.28,588.12,7/17/25
Venti Exchange,20250710,7/10/25,Jun,Licensing-Microsoft 365 E3 (no teams) NCELineItemCharges 6/1/25-6/30/25,28,20.28,-567.84,7/17/25
Venti Exchange,20250710,7/10/25,Jun,Licensing-Microsoft 365 E3 (no teams) NCELineItemCharges 6/1/25-6/30/25,30,8.11,243.3,7/17/25
Venti Exchange,20250710,7/10/25,Jun,Licensing-Microsoft 365 E3 (no teams) NCELineItemCharges 6/1/25-6/30/25,29,8.11,-235.19,7/17/25
Venti Exchange,20250710,7/10/25,Jun,Licensing-Microsoft 365 E5 NCELineItemCharges 6/1/25-6/30/25,6,57,342,7/17/25
Venti Exchange,20250710,7/10/25,Jun,Licensing-Microsoft 365 F1 NCELineItemCharges 6/1/25-6/30/25,1,2.42,2.42,7/17/25
Venti Exchange,20250710,7/10/25,Jun,Licensing-Microsoft Defender for Office 365 (Plan 1) 6/1/25-6/30/25,1,2.1,2.1,7/17/25
Venti Exchange,20250710,7/10/25,Jun,Licensing-Microsoft Teams Audio Conferencing 6/1/25-6/30/25,18,                  -  ,                  -  ,7/17/25
Venti Exchange,20250710,7/10/25,Jun,Licensing-Microsoft Teams Domestic Calling Plan 6/1/25-6/30/25,21,12.6,264.6,7/17/25
Venti Exchange,20250710,7/10/25,Jun,Licensing-Microsoft Teams Enterprise NCELineItemCharges 6/1/25-6/30/25,28,6.36,178.08,7/17/25
Venti Exchange,20250710,7/10/25,Jun,Licensing-Microsoft Teams Enterprise NCELineItemCharges 6/1/25-6/30/25,29,3.18,92.22,7/17/25
Venti Exchange,20250710,7/10/25,Jun,Licensing-Microsoft Teams Enterprise NCELineItemCharges 6/1/25-6/30/25,28,3.18,-89.04,7/17/25
Venti Exchange,20250710,7/10/25,Jun,Licensing-Microsoft Teams Enterprise NCELineItemCharges 6/1/25-6/30/25,30,1.27,38.1,7/17/25
Venti Exchange,20250710,7/10/25,Jun,Licensing-Microsoft Teams Enterprise NCELineItemCharges 6/1/25-6/30/25,29,1.27,-36.83,7/17/25
Venti Exchange,20250710,7/10/25,Jun,Licensing-Microsoft Teams Phone Resource Account NCELineItemCharges 6/1/25-6/30/25,8,                  -  ,                  -  ,7/17/25
Venti Exchange,20250710,7/10/25,Jun,Licensing-Microsoft Teams Phone Standard NCELineItemCharges 6/1/25-6/30/25,8,10.5,84,7/17/25
Venti Exchange,20250710,7/10/25,Jun,Service-CSP-Microsoft Teams Premium NCELineItemCharges 6/1/25-6/30/25,2,12,24,7/17/25
Venti Exchange,20250710,7/10/25,Jun,Licensing-Microsoft Teams Rooms Pro NCELineItemCharges 6/1/25-6/30/25,1,42,42,7/17/25
Venti Exchange,20250710,7/10/25,Jun,Licensing-Office 365 E3 NCELineItemCharges 6/1/25-6/30/25,365,23,"8,395.00",7/17/25
Venti Exchange,20250710,7/10/25,Jun,Licensing-Office 365 E3 NCELineItemCharges 6/1/25-6/30/25,92,27.6,"2,539.20",7/17/25
Venti Exchange,20250710,7/10/25,Jun,Licensing-Project Plan 3 NCELineItemCharges 6/1/25-6/30/25,9,31.5,283.5,7/17/25
Venti Exchange,20250710,7/10/25,Jun,Power Apps per app plan (1 app or website) 6/1/25-6/30/25,1,6,6,7/17/25
Venti Exchange,20250710,7/10/25,Jun,Azure Consumption-Power Apps Premium 6/1/25-6/30/25,5,21,105,7/17/25
Venti Exchange,20250710,7/10/25,Jun,Licensing-Power BI Premium Per User NCELineItemCharges 6/1/25-6/30/25,1,25.2,25.2,7/17/25
Venti Exchange,20250710,7/10/25,Jun,Licensing-Power BI Pro NCELineItemCharges 6/1/25-6/30/25,25,14.7,367.5,7/17/25
Venti Exchange,20250710,7/10/25,Jun,Licensing-Power BI Pro NCELineItemCharges 6/1/25-6/30/25,75,16.8,"1,260.00",7/17/25
Venti Exchange,20250710,7/10/25,Jun,Licensing-Teams Phone with Calling Plan NCELineItemCharges 6/1/25-6/30/25,51,17.85,910.35,7/17/25
Venti Exchange,20250710,7/10/25,Jun,Licensing-Visio Plan 2 NCELineItemCharges 6/1/25-6/30/25,35,15.75,551.25,7/17/25
Venti Exchange,20250610,6/10/25,May,TV-87 Azure Cost Optimization 5/13/25 Kick-off call for project,1,125,125,6/17/25
Venti Exchange,20250610,6/10/25,May,TV-87 Azure Cost Optimization 5/30/25,1,125,125,6/17/25
Venti Exchange,20250610,6/10/25,May,Licensing-Microsoft 365 Apps for Enterprise NCELineItemCharges 5/1/25-5/31/25,1,12.6,12.6,6/17/25
Venti Exchange,20250610,6/10/25,May,Licensing-Microsoft 365 E3 (no teams) NCELineItemCharges 5/1/25-5/31/25,28,40.56,"1,135.68",6/17/25
Venti Exchange,20250610,6/10/25,May,Licensing-Microsoft 365 E5 NCELineItemCharges 5/1/25-5/31/25,6,57,342,6/17/25
Venti Exchange,20250610,6/10/25,May,Licensing-Microsoft 365 F1 NCELineItemCharges 5/1/25-5/31/25,1,2.42,2.42,6/17/25
Venti Exchange,20250610,6/10/25,May,Licensing-Microsoft Defender for Office 365 (Plan 1) 5/1/25-5/31/25,1,2.1,2.1,6/17/25
Venti Exchange,20250610,6/10/25,May,Licensing-Microsoft Teams Audio Conferencing 5/1/25-5/31/25,18,                  -  ,                  -  ,6/17/25
Venti Exchange,20250610,6/10/25,May,Licensing-Microsoft Teams Domestic Calling Plan 5/1/25-5/31/25,21,12.6,264.6,6/17/25
Venti Exchange,20250610,6/10/25,May,Licensing-Microsoft Teams Enterprise NCELineItemCharges 5/1/25-5/31/25,28,5.95,166.6,6/17/25
Venti Exchange,20250610,6/10/25,May,Licensing-Microsoft Teams Phone Resource Account NCELineItemCharges 5/1/25-5/31/25,8,                  -  ,                  -  ,6/17/25
Venti Exchange,20250610,6/10/25,May,Licensing-Microsoft Teams Phone Standard NCELineItemCharges 5/1/25-5/31/25,8,10.5,84,6/17/25
Venti Exchange,20250610,6/10/25,May,Service-CSP-Microsoft Teams Premium NCELineItemCharges 5/1/25-5/31/25,2,12,24,6/17/25
Venti Exchange,20250610,6/10/25,May,Licensing-Microsoft Teams Rooms Pro NCELineItemCharges 5/1/25-5/31/25,1,42,42,6/17/25
Venti Exchange,20250610,6/10/25,May,Licensing-Office 365 E3 NCELineItemCharges 5/1/25-5/31/25,365,23,"8,395.00",6/17/25
Venti Exchange,20250610,6/10/25,May,Licensing-Office 365 E3 NCELineItemCharges 5/1/25-5/31/25,92,27.6,"2,539.20",6/17/25
Venti Exchange,20250610,6/10/25,May,Licensing-Project Plan 3 NCELineItemCharges 5/1/25-5/31/25,9,31.5,283.5,6/17/25
Venti Exchange,20250610,6/10/25,May,Power Apps per app plan (1 app or website) 5/3/25-5/31/25,1,5.61,5.61,6/17/25
Venti Exchange,20250610,6/10/25,May,Azure Consumption-Power Apps Premium 5/1/25-5/31/25,4,21,84,6/17/25
Venti Exchange,20250610,6/10/25,May,Azure Consumption-Power Apps Premium 5/19/25-5/31/25,5,8.81,44.05,6/17/25
Venti Exchange,20250610,6/10/25,May,Azure Consumption-Power Apps Premium 5/19/25-5/31/25,4,8.81,-35.24,6/17/25
Venti Exchange,20250610,6/10/25,May,Licensing-Power BI Premium Per User NCELineItemCharges 5/6/25-5/31/25,1,25.2,25.2,6/17/25
Venti Exchange,20250610,6/10/25,May,Licensing-Power BI Pro NCELineItemCharges 5/1/25-5/31/25,25,14.7,367.5,6/17/25
Venti Exchange,20250610,6/10/25,May,Licensing-Power BI Pro NCELineItemCharges 5/1/25-5/31/25,75,16.8,"1,260.00",6/17/25
Venti Exchange,20250610,6/10/25,May,Licensing-Teams Phone with Calling Plan NCELineItemCharges 5/1/25-5/31/25,51,17.85,910.35,6/17/25
Venti Exchange,20250610,6/10/25,May,Licensing-Visio Plan 2 NCELineItemCharges 5/1/25-5/31/25,35,15.75,551.25,6/17/25
Venti Exchange,20250510,5/10/25,Apr,Licensing-Microsoft 365 Apps for Enterprise NCELineItemCharges 4/8/25-4/30/25,1,9.35,9.35,5/23/25
Venti Exchange,20250510,5/10/25,Apr,Licensing-CSP-Microsoft 365 Copilot NCELineItemCharges 4/8/25-2/13/26,1,307.73,307.73,5/23/25
Venti Exchange,20250510,5/10/25,Apr,Licensing-Microsoft 365 E3 (no teams) NCELineItemCharges 4/8/25-4/19/25,28,15.7,439.6,5/23/25
Venti Exchange,20250510,5/10/25,Apr,Licensing-Microsoft 365 E3 (no teams) NCELineItemCharges 4/20/25-4/30/25,28,14.39,402.92,5/23/25
Venti Exchange,20250510,5/10/25,Apr,Licensing-Microsoft 365 E5 NCELineItemCharges 4/8/25-4/30/25,6,42.29,253.74,5/23/25
Venti Exchange,20250510,5/10/25,Apr,Licensing-Microsoft 365 F1 NCELineItemCharges 4/8/25-4/30/25,1,1.8,1.8,5/23/25
Venti Exchange,20250510,5/10/25,Apr,Licensing-Microsoft Defender for Office 365 (Plan 1) 4/8/25-4/30/25,1,1.56,1.56,5/23/25
Venti Exchange,20250510,5/10/25,Apr,Licensing-Microsoft Teams Audio Conferencing 4/8/25-4/30/25,18,                  -  ,                  -  ,5/23/25
Venti Exchange,20250510,5/10/25,Apr,Licensing-Microsoft Teams Domestic Calling Plan 4/8/25-4/30/25,21,9.35,196.35,5/23/25
Venti Exchange,20250510,5/10/25,Apr,Licensing-Microsoft Teams Enterprise NCELineItemCharges 4/8/25-5/2/25,28,5.3,148.4,5/23/25
Venti Exchange,20250510,5/10/25,Apr,Licensing-Microsoft Teams Phone Resource Account NCELineItemCharges 4/8/25-4/30/25,8,                  -  ,                  -  ,5/23/25
Venti Exchange,20250510,5/10/25,Apr,Licensing-Microsoft Teams Phone Standard NCELineItemCharges 4/8/25-4/30/25,8,7.79,62.32,5/23/25
Venti Exchange,20250510,5/10/25,Apr,Service-CSP-Microsoft Teams Premium NCELineItemCharges 4/8/25-4/27/25,2,7.74,15.48,5/23/25
Venti Exchange,20250510,5/10/25,Apr,Service-CSP-Microsoft Teams Premium NCELineItemCharges 4/28/25-4/30/25,2,1.16,2.32,5/23/25
Venti Exchange,20250510,5/10/25,Apr,Licensing-Microsoft Teams Rooms Pro NCELineItemCharges 4/8/25-4/30/25,1,31.16,31.16,5/23/25
Venti Exchange,20250510,5/10/25,Apr,Licensing-Microsoft 365 E3 NCELineItemCharges 4/8/25-4/30/25,365,17.06,"6,226.90",5/23/25
Venti Exchange,20250510,5/10/25,Apr,Licensing-Microsoft 365 E3 NCELineItemCharges 4/8/25-4/30/25,92,20.48,"1,884.16",5/23/25
Venti Exchange,20250510,5/10/25,Apr,Service-Office 365 Extra File Storage 4/8/25-2/6/26,2151,2.01,"4,323.51",5/23/25
Venti Exchange,20250510,5/10/25,Apr,Licensing-Project Plan 3 NCELineItemCharges 4/8/25-4/30/25,9,23.37,210.33,5/23/25
Venti Exchange,20250510,5/10/25,Apr,Power Apps per app plan (1 app or website) 4/8/25-5/2/25,1,5,5,5/23/25
Venti Exchange,20250510,5/10/25,Apr,Azure Consumption-Power Apps Premium 4/8/25-4/30/25,4,15.58,62.32,5/23/25
Venti Exchange,20250510,5/10/25,Apr,Licensing-Power BI Premium Per User NCELineItemCharges 4/8/25-5/5/25,1,23.52,23.52,5/23/25
Venti Exchange,20250510,5/10/25,Apr,Licensing-Power BI Pro NCELineItemCharges 4/8/25-4/30/25,25,10.91,272.75,5/23/25
Venti Exchange,20250510,5/10/25,Apr,Licensing-Power BI Pro NCELineItemCharges 4/8/25-4/30/25,75,12.46,934.5,5/23/25
Venti Exchange,20250510,5/10/25,Apr,Licensing-Teams Phone with Calling Plan NCELineItemCharges 4/8/25-4/30/25,51,13.24,675.24,5/23/25
Venti Exchange,20250510,5/10/25,Apr,Licensing-Visio Plan 2 NCELineItemCharges 4/8/25-4/30/25,34,11.69,397.46,5/23/25
Venti Exchange,20250510,5/10/25,Apr,Licensing-Visio Plan 2 NCELineItemCharges 4/23/25-4/30/25,35,4.06,142.1,5/23/25
Venti Exchange,20250510,5/10/25,Apr,Licensing-Visio Plan 2 NCELineItemCharges 4/23/25-4/30/25,34,4.06,-138.04,5/23/25